sequence	16S_rRNA_Count	metadata_NSTI	closest_reference_genome
ASV1	1	0.010298	GCF_003024805.1
ASV10	1	0.125921	GCA_003762715.1
ASV100	1	0.166961	GCF_004803915.1
ASV101	1	0.00015	GCA_000403295.2
ASV102	1	0.014951	GCA_900103495.1
ASV103	2	0.268347	GCF_000019165.1
ASV104	1	0.010517	GCF_007109405.1
ASV105	1	0.120922	GCA_910575035.1
ASV106	1	0.048874	GCA_905219705.1
ASV107	1	0.273083	GCA_020002265.1
ASV108	3	0.00015	GCF_000008565.1
ASV109	1	0.00015	GCF_000403455.2
ASV11	1	0.00015	GCF_000159355.1
ASV110	1	0.133615	GCA_000403315.2
ASV111	1	0.115428	GCA_000403215.2
ASV112	1	0.111145	GCF_024623325.1
ASV113	1	0.00015	GCA_910586985.1
ASV114	1	0.00015	GCA_003612395.1
ASV115	1	0.00015	GCF_003612565.1
ASV116	1	0.012358	GCF_000010505.1
ASV117	1	0.136492	GCA_011959925.1
ASV118	1	0.01024	GCA_000492175.2
ASV119	1	0.110967	GCA_910575665.1
ASV12	1	0.038395	GCA_910575615.1
ASV120	1	0.471291	GCF_014384895.1
ASV121	1	0.213406	GCF_900103815.1
ASV122	1	0.053918	GCF_014337195.1
ASV123	1	0.00015	GCA_910575035.1
ASV124	5	0.090987	GCF_900537995.1
ASV125	1	0.128216	GCA_910574915.1
ASV126	1	0.047477	GCA_910575035.1
ASV127	1	0.00015	GCF_003885045.1
ASV128	1	0.090803	GCF_003478505.1
ASV129	1	0.00015	GCA_000403495.2
ASV13	1	0.00015	GCF_001434535.1
ASV130	1	0.128454	GCA_910574915.1
ASV131	1	0.00015	GCA_910575625.1
ASV132	1	0.010036	GCA_910575445.1
ASV133	1	0.153816	GCF_900104675.1
ASV134	1	0.053574	GCA_023665725.1
ASV135	1	0.131819	GCA_009911035.1
ASV136	1	0.117738	GCA_000403275.2
ASV137	1	0.013797	GCA_910574835.1
ASV138	1	0.143281	GCF_014384985.1
ASV139	1	0.00015	GCF_024623325.1
ASV14	1	0.12604	GCA_020859755.1
ASV140	1	0.14397	GCA_900115795.1
ASV141	1	0.030105	GCA_910575055.1
ASV142	1	0.032678	GCA_934096605.1
ASV143	1	0.285952	GCA_022510425.1
ASV144	1	0.128171	GCF_900104635.1
ASV145	1	0.020257	GCA_910575445.1
ASV146	1	0.014497	GCF_001647715.1
ASV147	1	0.00015	GCF_000012905.2
ASV148	1	0.326255	GCF_017168145.1
ASV149	2	0.00015	GCF_000403355.2
ASV15	1	0.045673	GCA_000403215.2
ASV150	1	0.119996	GCA_910575585.1
ASV151	1	0.12827	GCA_022845955.1
ASV152	5	0.055415	GCF_900537995.1
ASV153	1	0.292022	GCF_014384805.1
ASV154	1	0.188643	GCA_022845955.1
ASV155	1	0.111145	GCF_024623325.1
ASV156	1	0.119996	GCA_910575585.1
ASV157	1	0.117738	GCA_000403275.2
ASV158	1	0.00015	GCA_011959925.1
ASV159	1	0.029788	GCA_910586985.1
ASV16	9	0.041695	GCF_024499055.1
ASV160	1	0.142464	GCF_943193045.1
ASV161	1	0.108742	GCA_003478355.1
ASV162	7	0.010129	GCF_000012825.1
ASV163	1	0.12958	GCA_910575775.1
ASV164	1	0.135132	GCA_018223385.1
ASV165	1	0.111145	GCF_024623325.1
ASV166	1	0.034777	GCA_910583925.1
ASV167	1	0.12845	GCA_910584465.1
ASV168	1	0.406021	GCA_015067305.1
ASV169	1	0.131893	GCF_000732725.1
ASV17	1	0.166961	GCF_004803915.1
ASV170	5	0.12529	GCF_940677205.1
ASV171	1	0.050925	GCF_019734885.1
ASV172	1	0.045663	GCF_013282095.1
ASV173	1	0.167085	GCA_020555605.1
ASV174	1	0.134802	GCA_910576205.1
ASV175	1	0.124688	GCA_910575625.1
ASV176	1	0.00015	GCA_910574965.1
ASV177	1	0.00015	GCA_910574715.1
ASV178	2	0.124815	GCF_900626145.1
ASV179	1	0.008483	GCF_000364165.2
ASV18	1	0.1463	GCA_001701165.1
ASV180	1	0.163669	GCF_014384905.1
ASV181	1	0.111145	GCF_024623325.1
ASV182	1	0.131819	GCA_009911035.1
ASV183	1	0.119282	GCF_014384905.1
ASV184	1	0.136492	GCA_011959925.1
ASV185	1	0.00015	GCA_011958945.1
ASV186	1	0.010723	GCF_000403455.2
ASV187	1	0.169894	GCF_900104675.1
ASV188	2	0.035446	GCF_000403355.2
ASV189	1	0.00015	GCA_009911355.1
ASV19	1	0.22194	GCA_902791625.1
ASV190	1	0.002566	GCF_920888515.1
ASV191	3	0.00015	GCF_000020225.1
ASV192	1	0.132319	GCA_010206225.2
ASV193	1	0.111145	GCF_024623325.1
ASV194	1	0.00015	GCF_001457635.1
ASV195	1	2.125982	GCF_013166655.1
ASV196	1	0.19423	GCA_003612625.1
ASV197	1	0.00015	GCA_009917455.1
ASV198	1	0.126205	GCA_009911185.1
ASV199	1	0.00015	GCA_003612625.1
ASV2	1	0.118314	GCF_004766125.1
ASV20	1	0.00015	GCA_910579675.1
ASV200	1	0.134802	GCA_910576205.1
ASV201	1	0.499361	GCF_900625025.1
ASV202	1	0.136492	GCA_011959925.1
ASV203	1	0.074377	GCF_014287875.1
ASV204	1	0.185857	GCA_015055625.1
ASV205	2	0.008076	GCF_022496765.1
ASV206	1	0.400915	GCF_000236865.1
ASV207	5	0.00015	GCF_000270205.1
ASV208	1	0.00015	GCA_910575445.1
ASV209	1	0.134802	GCA_910576205.1
ASV21	1	0.003279	GCF_014145615.1
ASV210	1	0.231737	GCA_900045905.1
ASV211	1	0.108742	GCA_003478355.1
ASV212	1	0.402463	GCA_022706785.1
ASV213	1	0.121146	GCF_004343035.1
ASV214	1	0.078061	GCA_001304875.1
ASV215	1	0.00015	GCF_000188295.1
ASV216	1	0.042141	GCF_009767945.1
ASV217	1	0.190768	GCA_020555605.1
ASV218	1	0.066125	GCF_014337195.1
ASV219	1	0.00015	GCF_009767945.1
ASV22	1	0.00015	GCA_910575255.1
ASV220	1	0.00015	GCA_910575695.1
ASV221	1	0.00015	GCF_920888515.1
ASV222	1	0.103514	GCF_900112085.1
ASV223	1	0.00015	GCA_910574015.1
ASV224	1	0.136863	GCF_013300725.1
ASV225	1	0.144634	GCA_944362615.1
ASV226	1	0.106927	GCA_910586985.1
ASV227	6	0.415857	GCF_018141445.1
ASV228	1	0.440976	GCF_018141425.1
ASV229	1	0.00015	GCA_910583945.1
ASV23	1	0.062254	GCA_910575775.1
ASV230	1	0.031436	GCA_910586985.1
ASV231	1	0.023537	GCA_004793665.1
ASV232	1	0.165438	GCA_000432855.1
ASV24	1	0.00015	GCA_000403335.2
ASV25	1	0.495047	GCA_000961765.1
ASV26	1	0.05456	GCF_009695995.1
ASV27	1	0.00015	GCA_910574635.1
ASV28	1	0.0101	GCF_000403435.2
ASV29	1	0.175055	GCA_022845955.1
ASV3	1	0.176419	GCA_020859755.1
ASV30	1	0.00015	GCA_011959105.1
ASV31	1	0.01073	GCA_000403335.2
ASV32	1	0.124688	GCA_910575625.1
ASV33	1	0.155851	GCA_910575245.1
ASV34	5	0.002342	GCF_000236925.1
ASV35	1	0.182593	GCF_018918265.1
ASV36	1	0.12958	GCA_910575775.1
ASV37	1	0.00015	GCA_910575775.1
ASV38	1	0.040071	GCA_910575245.1
ASV39	1	0.095683	GCF_003478505.1
ASV4	1	0.139487	GCA_910575545.1
ASV40	1	0.131893	GCF_000732725.1
ASV41	1	0.00015	GCA_000403315.2
ASV42	1	0.119996	GCA_910575585.1
ASV43	1	0.054665	GCA_910575435.1
ASV44	6	0.010659	GCF_009759685.1
ASV45	1	0.128647	GCF_000364225.2
ASV46	1	0.053077	GCA_003669055.1
ASV47	14	0.00015	GCF_001595725.1
ASV48	1	0.00015	GCA_009911065.1
ASV49	1	0.119996	GCA_910575585.1
ASV5	5	0.018777	GCF_009193295.2
ASV50	1	0.00015	GCA_910573755.1
ASV51	1	0.10698	GCF_900197595.1
ASV52	1	0.043507	GCA_023665725.1
ASV53	1	0.01385	GCF_003637685.1
ASV54	1	0.00015	GCF_009936045.1
ASV55	1	0.010372	GCF_009936035.1
ASV56	1	0.046513	GCA_000403215.2
ASV57	1	0.00015	GCA_009911035.1
ASV58	3	0.001964	GCF_005696695.1
ASV59	1	0.00015	GCA_910575795.1
ASV6	1	0.11661	GCA_910575615.1
ASV60	1	0.146714	GCA_910577745.1
ASV61	1	0.030451	GCA_910587065.1
ASV62	11	0.00015	GCF_002760435.1
ASV63	1	0.167085	GCA_020555605.1
ASV64	4	0.010861	GCF_900638555.1
ASV65	1	0.020028	GCF_009935845.1
ASV66	1	0.129527	GCA_009911305.1
ASV67	1	0.00015	GCF_000741295.1
ASV68	1	0.185823	GCA_000403275.2
ASV69	1	0.131819	GCA_009911035.1
ASV7	1	0.113799	GCF_008728965.1
ASV70	1	0.119996	GCA_910575585.1
ASV71	1	0.00015	GCA_910574915.1
ASV72	1	0.00015	GCA_009917545.1
ASV73	1	0.05882	GCA_910575245.1
ASV74	1	0.167085	GCA_020555605.1
ASV75	1	0.021986	GCF_014287815.1
ASV76	1	0.081088	GCA_910574915.1
ASV77	1	0.057125	GCA_025149125.1
ASV78	1	0.042658	GCA_944381365.1
ASV79	1	0.045947	GCA_910574805.1
ASV8	2	0.120983	GCA_910575495.1
ASV80	7	0.000154	GCF_000012825.1
ASV81	1	0.058572	GCA_000403275.2
ASV82	5	0.00015	GCF_006739205.1
ASV83	1	0.167085	GCA_020555605.1
ASV84	1	0.046167	GCA_003612405.1
ASV85	7	0.010717	GCF_000026225.1
ASV86	1	0.06963	GCF_900104415.1
ASV87	1	0.00015	GCA_910574185.1
ASV88	1	0.00015	GCA_910574885.1
ASV89	6	0.000154	GCF_013394305.1
ASV9	1	0.259298	GCA_910579675.1
ASV90	1	2.210994	GCF_013166655.1
ASV91	1	0.103321	GCA_000403215.2
ASV92	1	0.020026	GCF_009911645.1
ASV93	1	0.04981	GCF_009911645.1
ASV94	1	0.110307	GCA_011959105.1
ASV95	1	0.182593	GCF_018918265.1
ASV96	1	0.00015	GCF_000186445.1
ASV97	1	0.112013	GCF_000403395.2
ASV98	1	0.119996	GCA_910575585.1
ASV99	6	0.002316	GCF_013282665.1
