SampleID,ASV1,ASV2,ASV3,ASV4,ASV5,ASV6,ASV7,ASV8,ASV9,ASV10,ASV11,ASV12,ASV13,ASV14,ASV15,ASV16,ASV17,ASV18,ASV19,ASV20,ASV21,ASV22,ASV23,ASV24,ASV25,ASV26,ASV27,ASV28,ASV29,ASV30,ASV31,ASV32,ASV33,ASV34,ASV35,ASV36,ASV37,ASV38,ASV39,ASV40,ASV41,ASV42,ASV43,ASV44,ASV45,ASV46,ASV47,ASV48,ASV49,ASV50,ASV51,ASV52,ASV53,ASV54,ASV55,ASV56,ASV57,ASV58,ASV59,ASV60,ASV61,ASV62,ASV63,ASV64,ASV65,ASV66,ASV67,ASV68,ASV69,ASV70,ASV71,ASV72,ASV73,ASV74,ASV75,ASV76,ASV77,ASV78,ASV79,ASV80,ASV81,ASV82,ASV83,ASV84,ASV85,ASV86,ASV87,ASV88,ASV89,ASV90,ASV91,ASV92,ASV93,ASV94,ASV95,ASV96,ASV97,ASV98,ASV99,ASV100,ASV101,ASV102,ASV103,ASV104,ASV105,ASV106,ASV107,ASV108,ASV109,ASV110,ASV111,ASV112,ASV113,ASV114,ASV115,ASV116,ASV117,ASV118,ASV119,ASV120,ASV121,ASV122,ASV123,ASV124,ASV125,ASV126,ASV127,ASV128,ASV129,ASV130,ASV131,ASV132,ASV133,ASV134,ASV135,ASV136,ASV137,ASV138,ASV139,ASV140,ASV141,ASV142,ASV143,ASV144,ASV145,ASV146,ASV147,ASV148,ASV149,ASV150,ASV151,ASV152,ASV153,ASV154,ASV155,ASV156,ASV157,ASV158,ASV159,ASV160,ASV161,ASV162,ASV163,ASV164,ASV165,ASV166,ASV167,ASV168,ASV169,ASV170,ASV171,ASV172,ASV173,ASV174,ASV175,ASV176,ASV177,ASV178,ASV179,ASV180,ASV181,ASV182,ASV183,ASV184,ASV185,ASV186,ASV187,ASV188,ASV189,ASV190,ASV191,ASV192,ASV193,ASV194,ASV195,ASV196,ASV197,ASV198,ASV199,ASV200,ASV201,ASV202,ASV203,ASV204,ASV205,ASV206,ASV207,ASV208,ASV209,ASV210,ASV211,ASV212,ASV213,ASV214,ASV215,ASV216,ASV217,ASV218,ASV219,ASV220,ASV221,ASV222,ASV223,ASV224,ASV225,ASV226,ASV227,ASV228,ASV229,ASV230,ASV231,ASV232
Mock-Community,0,0,0,0,0,0,0,0,0,0,102,0,0,0,0,0,0,0,0,0,0,0,0,0,0,0,0,0,0,0,0,0,0,118,0,0,0,0,0,0,0,0,0,66.16666666666667,0,0,26.285714285714285,0,0,0,0,0,348,0,0,0,0,108.33333333333333,0,0,0,27.272727272727273,0,72.25,0,0,0,0,0,0,0,0,0,0,0,0,0,0,0,30.857142857142858,0,42.2,0,0,25.571428571428573,0,0,0,30.166666666666668,0,0,0,0,0,0,157,0,0,25,0,0,0,0,140,0,0,0,37.333333333333336,0,0,0,0,0,0,0,97,0,0,0,0,0,0,0,0,0,0,0,0,0,0,0,0,0,0,0,0,0,0,0,0,0,0,0,0,0,0,52,0,0,0,0,0,0,0,0,0,0,0,0,0,0,5.428571428571429,0,0,0,0,0,0,0,0,0,0,0,0,0,0,0,0,0,0,0,0,0,0,0,0,0,0,0,0,0,0,0,16,0,0,0,0,0,0,0,0,0,0,0,0,0,0,0,0,0,0,0,0,0,0,0,0,0,0,0,0,0,0,0,0,0,0,0,0,0,0
Mouse-F3-Day-000,579,345,449,430,30.8,470,282,92,45,158,17,217,52,104,93,8.88888888888889,100,69,67,65,42,44,280,54,26,70,75,31,43,62,57,28,74,0,34,45,6,58,27,18,0,27,29,0,50,10,0,0,8,42,35,55,0,5,50,0,13,0,18,84,0,0,62,0,0,19,24,20,47,0,41,0,92,0,128,0,0,26,10,0,5,0,0,14,0,24,7,46,0,0,0,17,0,0,0,0,0,6,0,0,0,0,0,0,0,13,4,0,0,22,0,9,0,0,0,0,7,19,0,0,10,11,0,6.8,0,16,10,0,0,19,0,0,0,0,0,0,19,7,0,0,17,0,57,0,16,8,0,0,0,0,0,0,7,0,0,0,0,9,19,19,0,0,0,0,0,21,10,0,0,2.2,0,9,0,0,0,0,10,3,0,0,0,0,3,0,0,0,5,1.5,0,0,3.3333333333333335,0,0,0,0,14,0,0,0,0,0,0,6,12,0,0,0,0,0,0,0,0,0,0,0,0,0,0,0,0,0,0,0,4,4,0,0,0,0,0,0,0
Mouse-F3-Day-001,405,353,231,69,28,41,96,95,69,106,102,40,129,28,325,0,0,31,109,0,53,14,57,136,8,69,103,45,120,25,141,30,72,0,103,54,14,53,34,21,0,32,71,0,64,19,0,72,24,55,45,46,0,11,24,0,21,0,34,48,0,0,54,0,37,19,0,54,38,0,41,10,12,0,0,12,0,3,12,0,20,0,15,0,0.2857142857142857,11,12,52,0,31,0,0,19,0,43,0,0,0,0,0,0,0,2,0,0,0,7,0,0,0,0,17,0,8,0,0,24,24,0,0,0,6,0,3,0,15,7,0,0,18,0,0,31,0,0,26,7,0,9,0,11,0,0,7,0,7,0,9,1.5,0,3,0,0,29,0,0,0,0,0,7,0,0,0,3,0,0,6,0,0,0,0,0,0,0,0,0,0,0,0,6,0,0,0,11,0,0,0,0,0,0,0,0,0,0,0,0,3,0,0,0,0,0,0,0,0,0,0,9,0,0,0,0,0,0,0,0,0,0,6,0,0,0,0,0,0,0,0,0,0,0,0,0
Mouse-F3-Day-002,3488,1587,1175,472,67.6,115,325,605.5,434,609,55,41,330,107,368,1.8888888888888888,70,190,402,44,30,17,147,296,34,337,200,146,109,59,284,41,83,0,185,113,96,56,41,84,0,21,82,0,91,81,0,55,74,140,152,107,0,55,38,0,44,0,48,81,0,0,81,0,83,48,4,80,38,0,102,32,37,0,0,20,0,38,16,0,12,0,37,29,0.8571428571428571,46,24,61,0,6,0,43,38,38,76,0,9,9,0,54,0,0,9.5,0,23,36,32,0,0,16,0,46,0,26,0,0,21,32,37,0,3,12,21,8,0,0,35,13,0,30,0,0,35,65,13,17,10,39,9,0,21,0,0,7,14,14,0,10,5,0,8,0,5,0,0,18,0,0,0,7,20,0,38,20,0,0,8,0,0,0,8,0,21,0,0,0,12,0,0,15,5,0,3,0,6,0,0,0,9,0,2.3333333333333335,10,0,0,0,0,0,10,0,0,0,0,7,0,2.5,0,0,0,4,0,0,0,0,0,7,0,0,0,0,0,0,0,0,0,0,4,0,0,0,0,0,0
Mouse-F3-Day-003,988,602,465,200,80.4,25,167,190.5,307,298,171,0,94,61,46,2.6666666666666665,0,103,342,0,123,0,32,0,23,43,15,19,8,22,20,9,8,0,9,12,17,21,9,7,0,0,15,0,28,20,0,10,0,10,6,0,0,43,0,0,0,0,0,15,0,0,12,0,10,5,16,0,0,0,17,9,0,0,0,21,0,19,0,0,7,0,0,0,0,0,0,11,0,15,0,0,0,0,0,0,0,0,0,0,0,0,3,0,0,15,2,0,0,0,0,0,0,5,0,0,0,0,22,0,0,0,0,0,0,0,12,12,0,0,5,0,0,0,0,0,0,0,0,0,0,0,0,0,0,0,0,0,2,0,0,0,0,0,0,0,0,0,0,0,0,0,0,0,0,0,0,11,0,0,0,0,0,0,0,0,0,3.5,9,0,0,0,0,0,0,0,0,0,0,0,0,0,0,0,0,0,0,0,0,0,0,0,0,0,0,0,0,0,0,0,0,0,0,0,0,7,0,0,0,0,5,0,0,0,0,0,0,0,0,0,0,2
Mouse-F3-Day-005,327,268,284,158,30.2,23,123,103.5,178,207,61,0,48,38,87,4,57,37,17,19,10,0,38,55,25,57,52,49,45,78,35,0,43,0,16,48,33,21,10,18,0,23,34,0,7,33,0,52,6,11,9,53,0,6,20,0,22,0,19,0,0,0,34,0,19,6,0,25,0,0,0,0,0,0,0,15,0,11,9,0,12,0,13,23,0.5714285714285714,12,5,18,0,18,0,13,0,55,0,0,0,10,0,0,6,0,3,0,0,0,0,0,12,0,26,12,6,11,0,0,0,0,16,0,0,5,0,0,0,0,0,0,0,0,0,0,0,0,0,0,9,9,0,0,0,0,0,8,0,2,0,4,2,0,9,0,0,0,0,0,0,0,0,0,0,0,0,0,0,0,0,3,0,0,0,0,0,0,0,0,0,0,0,0,0,0,0,0,0,0,0,0,0,0,0,7,0,0,0,0,0,0,0,0,0,0,0,0,0,0,0,0,5,0,0,0,0,0,0,0,0,0,0,0,0,0,0,0,0,0,0,0,0,0,0,0
Mouse-F3-Day-006,1014,674,588,404,95.2,17,282,130.5,205,242,45,0,422,106,57,0,0,39,74,12,29,0,46,37,27,67,109,47,20,42,40,21,47,0,23,52,31,45,28,21,15,0,51,0,0,37,0,25,7,26,44,11,0,23,20,0,30,0,23,6,0,0,44,0,14,9,0,30,55,0,0,15,16,0,0,30,0,9,38,0,12,0,17,18,0,32,12,0,0,16,0,11,0,34,0,0,6,0,0,0,11,0,2.5,0,0,0,19,0,14,24,30,11,0,29,0,0,0,0,11,0,0,8,20,0,0,0,0,0,0,0,19,14,0,0,0,0,0,0,13,0,9,0,0,0,0,5,0,4,0,0,9,0,0,0,0,0,0,0,0,0,0,0,0,4,0,0,0,0,0,1.4,0,0,8,9,0,0,0,0,0,0,0,0,9,0,0,0,0,0,0,0,0,0,0,0,0,0,0,0,0,0,0,0,0,0,0,0,0,0,0,0,0,0,0,0,0,0,0,0,0,0,0,0,0,0,0,0,0,0,0,0,0,0
Mouse-F3-Day-007,648,504,438,314,94,11,195,106.5,176,276,16,0,117,73,40,0,0,22,39,10,39,0,13,30,49,13,48,13,8,35,0,0,8,0,12,20,10,0,11,10,0,9,23,0,0,32,0,8,7,9,12,0,0,26,0,0,20,0,0,19,0,0,20,0,0,0,0,0,0,0,0,8,0,0,0,14,0,19,0,0,7,0,5,10,0.2857142857142857,0,0,0,0,18,6,0,0,0,7,0,3,0,0,0,0,0,0,0,0,0,8,0,0,0,0,0,0,7,0,0,0,11,0,0,0,0,0,0,0,0,0,0,0,0,17,0,0,0,0,0,0,0,0,0,0,0,0,0,0,0,0,0,1,0,0,0,0,0,0,0,0,0,0,0,0,0,0,0,0,0,0,0,0,0,0,0,0,0,0,0,0,0,5,0,0,0,0,0,0,0,0,0,0,0,0,0,0,0,0,0,0,0,0,0,0,0,0,0,0,0,0,0,0,0,0,0,0,0,0,0,0,0,0,0,0,0,0,0,0,0,0,0,0,0,0,0
Mouse-F3-Day-008,272,352,349,147,116.4,0,130,143,113,197,19,0,145,65,45,0.6666666666666666,0,22,20,0,117,0,47,30,22,57,39,44,49,61,0,8,31,0,74,58,24,43,5,22,24,26,38,0,9,40,0,16,11,42,13,36,0,21,6,0,56,0,23,11,0,0,0,0,31,12,0,32,20,0,0,7,17,43,0,37,0,8,6,0,12,0,13,17,0.42857142857142855,21,6,0,0,13,46,17,0,0,35,0,0,0,0,0,0,0,4.5,0,0,0,26,0,17,14,0,12,0,11,0,0,7,10,0,11,0,9,0,0,0,16,9,0,0,0,14,0,0,0,17,0,0,0,11,10,0,0,0,16,11,5,0,0,1.5,0,0,0,3,0,0,0,0,0,4,0,0,0,0,0,0,0,0,0,0,0.6,0,0,0,0,3,0,0,0,8,0,0,0,0,9,0,0,0,0,0,13,0,0,0,0,0,0,3,4,7,0,0,0,0,0,0,0,0,0,0,3,0,0,0,0,0,0,0,0,0,0,0,0,0,0,0,0,0,0,0,0,0,0
Mouse-F3-Day-009,511,423,482,206,119.2,0,210,219,146,225,27,0,182,72,99,0,0,38,42,0,26,0,32,49,39,45,51,64,93,52,56,15,41,0,95,96,33,33,16,31,36,33,62,0,0,58,0,30,17,24,23,33,0,26,15,0,105,0,23,30,0,0,0,0,28,6,0,21,28,0,0,12,15,60,0,48,0,18,12,0,13,0,25,38,0,24,7,0,0,10,41,28,0,0,0,0,0,6,0,0,0,0,4,0,0,11,19,0,0,24,32,0,0,8,0,0,0,0,0,0,0,7,33,0,0,0,11,0,0,0,14,0,0,0,22,0,7,0,7,15,0,0,0,9,13,6,0,5,0,0,19,0,0,0,0,0,44,0,17,7,0,0,0,10,0,0,0,0,0,2,9,0,0,9,0,0,0,0,0,0,16,0,0,0,5,20,0,0,9,0,0,0,17,0,0,0,5,0,7,0,0,0,0,0,3,3,0,0,0,6,9,8,0,0,0,0,0,0,0,0,0,5,0,0,0,0,0.6666666666666666,0,0,0,0,0
Mouse-F3-Day-141,444,362,345,502,37.8,331,243,160.5,167,130,168,146,12,65,33,11.444444444444445,149,43,6,0,45,86,51,15,57,0,0,9,36,12,0,57,22,0,0,0,32,20,27,13,66,41,0,0,18,0,0,8,19,0,0,0,0,8,8,18,0,0,28,0,29,0,0,0,6,14,16,0,0,45,11,16,22,0,6,0,30,17,0,0,12,0,7,0,0,0,9,0,0,0,0,0,0,0,0,0,15,13,0,0,9,10,4,0,20,0,0,0,0,0,7,0,14,0,0,0,11,0,0,0,4,0,0,0,10,0,0,10,0,0,0,0,0,0,13,0,0,6,0,6,0,0,0,0,0,0,0,0,0,0,0,0,0,0,0,0,0,0,0,0,0,0,0,0,0,0,0,0,0,0,0,0,0,0,0,0,0,0,0,0,0,0,0,0,0,0,3,0,0,0,0,0,0,0,5,0,0,0,0,0,0,0,0,0,0,0,0,0,0,0,0,0,0,0,0,0,0,0,0,0,0,0,0,0,0,0,0,4,0,0,0,0
Mouse-F3-Day-142,289,304,158,164,36,181,163,44.5,89,78,42,98,103,64,12,5.777777777777778,116,30,7,0,0,35,13,6,14,0,0,0,0,21,0,8,10,0,0,4,0,0,12,7,12,0,0,0,0,0,0,0,0,0,0,0,0,8,6,10,0,0,0,0,23,0,0,0,0,0,28,0,0,0,0,0,0,0,4,0,0,0,0,0,0,0,0,0,0,0,13,0,0,0,0,0,15,0,0,0,0,5,0,0,0,6,0,0,0,0,0,0,0,0,0,0,5,0,0,0,0,0,0,11,7,0,0,0,0,0,0,0,0,0,0,0,0,0,0,0,0,0,0,0,0,3,0,0,0,0,0,0,0,0,0,0,4,0,0,0,0,0,0,0,0,0,0,0,0,0,0,0,0,0,0,0,0,0,0,0,0,0,0,0,0,0,0,0,0,0,0,0,0,5,0,0,0,0,0,0,0,0,0,0,0,0,0,0,0,0,1,0,0,0,0,0,2,0,0,0,0,0,0,0,0,0,0,0,0,0,0,0,0,0,0,0
Mouse-F3-Day-143,228,176,204,231,26,244,152,41.5,109,67,78,111,43,61,9,4.444444444444445,0,20,0,0,12,67,0,0,0,0,0,14,4,22,0,24,13,0,0,0,14,0,14,11,39,37,0,0,8,0,0,0,14,0,0,0,0,7,8,0,0,0,0,0,25,0.2727272727272727,0,0,6,4,10,0,0,22,0,13,18,11,0,0,15,0,0,0,9,0,0,0,0,0,11,0,0,3,0,14,0,0,0,0,5,0,0,0,6,0,0,0,6,0,0,0,0,0,0,0,6,0,0,0,0,0,0,0,6,0,0,0,0,0,0,12,0,0,0,0,0,0,0,0,0,0,0,0,0,10,0,0,0,0,0,0,0,0,0,1.2,0,0,0,0,0,0,0,0,4,0,0,0,0,0,0,0,0,0,0,0,0,0,0,0,0,0,0,0,0,0,0,0,0,0,0,0,0,0,0,0,0,0,0,0,0,0,0,0,0,0,0,0,0,0,0,0,0,0,0,0,0,0,0,0,0,0,0,0,0,0,0,0,0,0,0,0,0,0,0,0
Mouse-F3-Day-144,421,277,302,357,20.8,353,240,20.5,158,155,269,146,16,81,11,12.555555555555555,0,45,6,0,45,14,15,0,13,0,0,20,10,19,0,10,16,0,0,0,17,16,0,0,38,0,0,0,0,0,0,0,0,0,0,0,0,8,14,22,0,0,0,0,16,0,0,0.5,0,0,21,0,0,0,0,0,0,10,6,0,0,0,0,0,0,0,0,0,0,0,0,0,0,0,0,0,14,0,0,0,11,0,0,0,10,0,1.5,0,6,0,0,0,8,0,0,0,3,0,0,0,0,0,0,12,0,0,0,0,0,0,0,0,0,0,0,0,0,0,0,0,0,0,0,0,0,0,0,0,0,0,0,0,0,0,0,0,0,0,0,0,0,0,0,0,0,0,0,0,0,0,0,0,0,0,0,0,0,0,0,0,0,0,0,0,0,0,0,0,0,0,0,0,0,0,0,0,0,0,10,0,0,0,0,0,0,0,0,0,0,0,0,0,0,0,0,0,0,0,0,0,0,0,0,0,0,0,0,0,0,0,0,0,0,3,0,0
Mouse-F3-Day-145,645,489,522,583,61.4,476,396,62.5,202,229,317,258,22,125,15,14,195,105,5,121,39,13,11,8,20,0,6,18,11,0,0,18,13,0,0,0,13,17,0,6,44,14,0,0.8333333333333334,0,0,0,0,0,0,0,0,0,21,11,13,0,0,0,3,18,0.45454545454545453,0,1,10,5,7,0,0,0,0,0,0,0,14,5,0,6,0,0,0,0,9,0,0,0,14,0,0,3,0,9,0,0,0,0,10,13,0,0,14,0,2.5,0,0,9,0,0.6666666666666666,0,0,4,0,10,0,0,0,0,0,0,16,6,0,0,0,0,0,0,0,0,0,0,0,0,0,0,0,0,0,0,0,0,15,0,0,0,2,0,3,0,0,0,0,5,0,0,0,0,7,0,0,0,0,0,0,0,0,0,0,4,0,0,0,0,0,0,0,0,0,0,0,0,0,0,0,0,0,0,2,0,0,0,0,0,0,0,0,0,0,0,8,0,0,0,0,0,0,0,0,0,0,0,0,0,0,0,0,7,0,0,0,0,0,0,0,0,0,0,0,0,0,0,0
Mouse-F3-Day-146,325,230,254,388,35.8,275,214,35.5,113,88,178,147,4,58,25,3.888888888888889,0,35,3,78,17,78,18,48,16,19,36,36,35,0,0,23,23,0,0,0,13,26,32,23,96,31,0,0,21,0,0,11,14,0,0,0,0,5,19,37,0,0,16,0,5,0,0,0,14,15,3,0,0,12,0,12,0,15,0,12,9,6,7,0,11,0,19,0,0,13,0,0,0,3,34,0,26,0,0,0,16,13,0,0,13,14,7,0,16,0,0,0,0,8,0,0,14,0,13,0,0,0,0,11,16,0,17,0,11,0,0,0,0,7,0,12,0,0,0,21,11,0,0,0,0,0,0,0,0,0,0,0,0,0,0,0,0,0,0,0,0,5,0,0,0,0,0,0,10,0,11,0,0,0,0,0,0,0,0,0,0,0,0,0,0,6,0,0,0,0,0,0,0,0,0,0,0,0,0,0,3,0,0,6,0,0,0,0,0,2,0,0,0,0,0,0,0,0,0,0,0,0,0,0,0,0,0,0,0,0,0,0,0,0,0,0
Mouse-F3-Day-147,1495,1215,913,1089,90.6,1182,861,37.5,769,269,448,560,147,292,74,34,260,143,41,339,121,79,50,15,110,10,34,33,17,51,0,47,12,0,0,26,46,24,43,38,38,20,0,0,12,13,0,11,43,0,11,0,0,37,31,90,18,0,28,26,58,0,0,0,0,13,29,0,23,18,8,0,0,45,18,0,25,12,66,0,41,0,18,11,0.7142857142857143,9,34,0,0,18,20,24,33,0,0,0,11,0,0,67,0,14,5.5,0,30,21,0,0,25,0,0,0,0,0,16,0,0,0,0,11,13,13,0,0,8,10,0,0,0,0,0,13,0,0,0,0,0,0,0,0,0,15,0,0,0,0,0,4,0,9,0,0,5,0,0,0,0,0,0,0,0,0,0,0,15,0,0,13,6,0,9,0,0,7,5,12,0,0,0,0,0,0,0,0,9,0,0,5.5,0,0,0,0,0,0,0,0,0,0,0,0,14,0,0,0,0,3,0,0,0,0,0,0,4,0,0,0,0,0,0,6,0,0,0,0,0,0,0,0,0,0,3,0
Mouse-F3-Day-148,863,729,581,853,88.6,872,579,253.5,409,198,411,432,18,199,56,30,259,117,55,274,112,94,26,52,183,12,8,14,22,58,0,44,9,0,0,0,21,17,50,21,12,48,0,0,15,9,0,15,34,0,0,0,0,13,21,62,0,0,22,0,94,0,0,0,11,19,68,0,0,18,0,14,0,13,31,0,21,16,18,0,7,0,5,23,0,0,21,0,0,18,16,0,13,39,0,0,18,22,0,0,23,19,4.5,0,15,14,0,0,0,0,0,0,15,0,6,0,0,0,0,12,13,0,0,0,9,0,0,0,24,0,0,11,0,0,0,0,0,0,0,11,0,11,0,0,0,5,0,4,4.5,0,0,3.4,4,0,0,0,0,0,0,0,0,0,0,0,0,11,0,0,15,0,5,0,0,0,9,7,0,4.5,0,0,0,6,0,0,0,0,4,0,0,0,0,0,0,0,0,0,0,0,0,0,0,0,0,0,0,0,1,0,0,0,0,0,2,0,0,0,0,7,0,0,0,0,0,0,0,0,0,0,0,0,0,0
Mouse-F3-Day-149,883,779,723,897,83.4,637,560,257.5,426,288,478,301,88,164,42,19.666666666666668,82,119,4,237,149,266,47,0,103,8,6,46,36,46,24,146,45,0,0,12,59,52,88,45,0,30,0,0,45,21,0,35,64,0,7,8,0,12,37,43,0,0,27,0,34,0,0,0,14,59,28,0,0,82,19,67,0,0,13,8,74,14,23,0,24,0,13,19,0,0,17,0,0,7,14,0,17,0,0,0,35,31,0,27,42,60,11.5,0,0,0,0,0,24,5,0,0,24,0,41,0,19,0,8,0,9,11,0,0,32,18,0,26,43,0,0,12,0,0,0,0,0,0,0,17,0,4,0,10,0,0,0,7,7.5,26,0,4.8,6,0,22,26,0,12,0,0,15,0,0,0,12,4,0,7,9,0,0,20,0,0,8,6,0,0,0,0,0,9,5,0,0,0,6,0,0,0,0,0,0,0,0,0,0,0,0,0,0,8,0,0,0,2,0,0,0,0,0,0,0,8,0,0,0,0,0,0,0,0,5,0,0,0,0,0,0,0,0,0
Mouse-F3-Day-150,317,229,399,471,33.8,216,238,60,241,149,61,98,64,75,19,3.3333333333333335,0,49,5,0,19,140,0,23,54,6,6,32,0,0,0,85,31,0,0,0,53,25,29,41,0,20,0,0,25,0,0,16,20,0,0,0,0,8,13,41,0,0,15,0,14,0,0,0,12,23,19,0,0,47,0,18,0,31,6,4,52,0,0,0,11,0,12,0,0,0,0,0,0,0,0,0,0,0,0,0,17,27,0,0,12,23,5.5,0,9,0,0,0,14,0,14,0,10,0,23,0,8,0,0,9,5,9,0,0,19,10,0,11,12,0,0,7,0,0,0,0,0,0,10,0,0,0,0,0,0,0,0,0,0,15,0,0,6,16,23,0,0,9,0,0,0,0,0,0,0,0,0,0,0,0,0,0,0,0,0,0,0,0,0,0,0,0,0,0,0,0,0,0,0,0,0,0,0,0,0,0,0,0,0,0,0,6,0,0,0,0,0,0,0,0,0,0,0,0,0,0,0,0,0,0,0,0,0,0,0,0,0,0,4,0,0,0
