SampleID	Cell_Count	Unit	Data_Status
Mouse-F3-Day-000	84000000000	cells_per_g_wet_feces	SYNTHETIC_NOT_MEASURED
Mouse-F3-Day-001	97000000000	cells_per_g_wet_feces	SYNTHETIC_NOT_MEASURED
Mouse-F3-Day-002	112000000000	cells_per_g_wet_feces	SYNTHETIC_NOT_MEASURED
Mouse-F3-Day-003	91000000000	cells_per_g_wet_feces	SYNTHETIC_NOT_MEASURED
Mouse-F3-Day-005	126000000000	cells_per_g_wet_feces	SYNTHETIC_NOT_MEASURED
Mouse-F3-Day-006	108000000000	cells_per_g_wet_feces	SYNTHETIC_NOT_MEASURED
Mouse-F3-Day-007	134000000000	cells_per_g_wet_feces	SYNTHETIC_NOT_MEASURED
Mouse-F3-Day-008	117000000000	cells_per_g_wet_feces	SYNTHETIC_NOT_MEASURED
Mouse-F3-Day-009	129000000000	cells_per_g_wet_feces	SYNTHETIC_NOT_MEASURED
Mouse-F3-Day-141	98000000000	cells_per_g_wet_feces	SYNTHETIC_NOT_MEASURED
Mouse-F3-Day-142	117000000000	cells_per_g_wet_feces	SYNTHETIC_NOT_MEASURED
Mouse-F3-Day-143	89000000000	cells_per_g_wet_feces	SYNTHETIC_NOT_MEASURED
Mouse-F3-Day-144	126000000000	cells_per_g_wet_feces	SYNTHETIC_NOT_MEASURED
Mouse-F3-Day-145	105000000000	cells_per_g_wet_feces	SYNTHETIC_NOT_MEASURED
Mouse-F3-Day-146	138000000000	cells_per_g_wet_feces	SYNTHETIC_NOT_MEASURED
Mouse-F3-Day-147	114000000000	cells_per_g_wet_feces	SYNTHETIC_NOT_MEASURED
Mouse-F3-Day-148	94000000000	cells_per_g_wet_feces	SYNTHETIC_NOT_MEASURED
Mouse-F3-Day-149	129000000000	cells_per_g_wet_feces	SYNTHETIC_NOT_MEASURED
Mouse-F3-Day-150	108000000000	cells_per_g_wet_feces	SYNTHETIC_NOT_MEASURED
Mock-Community	110000000000	cells_per_g_input_equivalent	SYNTHETIC_COMPUTATIONAL_PLACEHOLDER
