"ASV_ID","Kingdom","Phylum","Class","Order","Family","Genus","Species","Corrected_Species","Unique_Tax"
"ASV1","Bacteria","Bacteroidota","Bacteroidia","Bacteroidales","Muribaculaceae",NA,NA,"unclassified Muribaculaceae","unclassified Muribaculaceae ASV1"
"ASV2","Bacteria","Bacteroidota","Bacteroidia","Bacteroidales","Muribaculaceae",NA,NA,"unclassified Muribaculaceae","unclassified Muribaculaceae ASV2"
"ASV3","Bacteria","Bacteroidota","Bacteroidia","Bacteroidales","Muribaculaceae",NA,NA,"unclassified Muribaculaceae","unclassified Muribaculaceae ASV3"
"ASV4","Bacteria","Bacteroidota","Bacteroidia","Bacteroidales","Muribaculaceae",NA,NA,"unclassified Muribaculaceae","unclassified Muribaculaceae ASV4"
"ASV5","Bacteria","Bacteroidota","Bacteroidia","Bacteroidales","Bacteroidaceae","Bacteroides","acidifaciens/caecimuris","Bacteroides acidifaciens/caecimuris","Bacteroides acidifaciens/caecimuris"
"ASV6","Bacteria","Bacteroidota","Bacteroidia","Bacteroidales","Muribaculaceae",NA,NA,"unclassified Muribaculaceae","unclassified Muribaculaceae ASV6"
"ASV7","Bacteria","Bacteroidota","Bacteroidia","Bacteroidales","Muribaculaceae",NA,NA,"unclassified Muribaculaceae","unclassified Muribaculaceae ASV7"
"ASV8","Bacteria","Bacteroidota","Bacteroidia","Bacteroidales","Rikenellaceae","Alistipes",NA,"Alistipes sp.","Alistipes sp."
"ASV9","Bacteria","Bacteroidota","Bacteroidia","Bacteroidales","Muribaculaceae",NA,NA,"unclassified Muribaculaceae","unclassified Muribaculaceae ASV9"
"ASV10","Bacteria","Bacteroidota","Bacteroidia","Bacteroidales","Muribaculaceae",NA,NA,"unclassified Muribaculaceae","unclassified Muribaculaceae ASV10"
"ASV11","Bacteria","Bacillota","Bacilli","Lactobacillales","Lactobacillaceae","Lactobacillus","crispatus/gasseri/helveticus/hominis/iatae/johnsonii/kefiranofaciens/paragasseri/prophage/taiwanensis","Lactobacillus crispatus/gasseri/helveticus/hominis/iatae/johnsonii/kefiranofaciens/paragasseri/prophage/taiwanensis","Lactobacillus crispatus/gasseri/helveticus/hominis/iatae/johnsonii/kefiranofaciens/paragasseri/prophage/taiwanensis"
"ASV12","Bacteria","Bacteroidota","Bacteroidia","Bacteroidales","Muribaculaceae",NA,NA,"unclassified Muribaculaceae","unclassified Muribaculaceae ASV12"
"ASV13","Bacteria","Bacillota","Bacilli","Lactobacillales","Lactobacillaceae","Ligilactobacillus",NA,"Ligilactobacillus sp.","Ligilactobacillus sp."
"ASV14","Bacteria","Bacteroidota","Bacteroidia","Bacteroidales","Muribaculaceae",NA,NA,"unclassified Muribaculaceae","unclassified Muribaculaceae ASV14"
"ASV15","Bacteria","Bacillota","Clostridia","Lachnospirales","Lachnospiraceae","Lachnospiraceae NK4A136 group",NA,"Lachnospiraceae NK4A136 group sp.","Lachnospiraceae NK4A136 group sp. ASV15"
"ASV16","Bacteria","Bacillota","Bacilli","Erysipelotrichales","Erysipelotrichaceae","Turicibacter",NA,"Turicibacter sp.","Turicibacter sp."
"ASV17","Bacteria","Bacteroidota","Bacteroidia","Bacteroidales","Muribaculaceae",NA,NA,"unclassified Muribaculaceae","unclassified Muribaculaceae ASV17"
"ASV18","Bacteria","Bacteroidota","Bacteroidia","Bacteroidales","Muribaculaceae",NA,NA,"unclassified Muribaculaceae","unclassified Muribaculaceae ASV18"
"ASV19","Bacteria","Bacillota","Bacilli","RF39",NA,NA,NA,"unclassified RF39","unclassified RF39 ASV19"
"ASV20","Bacteria","Bacteroidota","Bacteroidia","Bacteroidales","Muribaculaceae",NA,NA,"unclassified Muribaculaceae","unclassified Muribaculaceae ASV20"
"ASV21","Bacteria","Bacillota","Bacilli","Lactobacillales","Lactobacillaceae",NA,NA,"unclassified Lactobacillaceae","unclassified Lactobacillaceae"
"ASV22","Bacteria","Bacillota","Clostridia","Lachnospirales","Lachnospiraceae",NA,NA,"unclassified Lachnospiraceae","unclassified Lachnospiraceae ASV22"
"ASV23","Bacteria","Bacillota","Clostridia","Lachnospirales","Lachnospiraceae","Lachnospiraceae NK4A136 group",NA,"Lachnospiraceae NK4A136 group sp.","Lachnospiraceae NK4A136 group sp. ASV23"
"ASV24","Bacteria","Bacillota","Clostridia","Lachnospirales","Lachnospiraceae","Lachnospiraceae NK4A136 group","bacterium","Lachnospiraceae NK4A136 group bacterium","Lachnospiraceae NK4A136 group bacterium ASV24"
"ASV25","Bacteria","Bacillota","Clostridia","Peptococcales","Peptococcaceae",NA,NA,"unclassified Peptococcaceae","unclassified Peptococcaceae ASV25"
"ASV26","Bacteria","Bacillota","Clostridia","Lachnospirales","Lachnospiraceae",NA,NA,"unclassified Lachnospiraceae","unclassified Lachnospiraceae ASV26"
"ASV27","Bacteria","Bacillota","Clostridia","Oscillospirales","Oscillospiraceae","Oscillibacter",NA,"Oscillibacter sp.","Oscillibacter sp. ASV27"
"ASV28","Bacteria","Bacillota","Clostridia","Oscillospirales","Oscillospiraceae","Oscillibacter",NA,"Oscillibacter sp.","Oscillibacter sp. ASV28"
"ASV29","Bacteria","Bacillota","Clostridia","Lachnospirales","Lachnospiraceae",NA,NA,"unclassified Lachnospiraceae","unclassified Lachnospiraceae ASV29"
"ASV30","Bacteria","Bacillota","Clostridia","Lachnospirales","Lachnospiraceae",NA,NA,"unclassified Lachnospiraceae","unclassified Lachnospiraceae ASV30"
"ASV31","Bacteria","Bacillota","Clostridia","Lachnospirales","Lachnospiraceae","Lachnospiraceae NK4A136 group","bacterium","Lachnospiraceae NK4A136 group bacterium","Lachnospiraceae NK4A136 group bacterium ASV31"
"ASV32","Bacteria","Bacillota","Clostridia","Lachnospirales","Lachnospiraceae",NA,NA,"unclassified Lachnospiraceae","unclassified Lachnospiraceae ASV32"
"ASV33","Bacteria","Bacillota","Clostridia","Lachnospirales","Lachnospiraceae","Lachnospiraceae NK4A136 group",NA,"Lachnospiraceae NK4A136 group sp.","Lachnospiraceae NK4A136 group sp. ASV33"
"ASV34","Bacteria","Bacillota","Bacilli","Staphylococcales","Staphylococcaceae","Staphylococcus","argenteus/aureus/capitis/caprae/devriesei/epidermidis/equorum/haemolyticus/hominis/lugdunensis/pasteuri/petrasii/phage/saccharolyticus/saprophyticus/schweitzeri/simiae/warneri","Staphylococcus argenteus/aureus/capitis/caprae/devriesei/epidermidis/equorum/haemolyticus/hominis/lugdunensis/pasteuri/petrasii/phage/saccharolyticus/saprophyticus/schweitzeri/simiae/warneri","Staphylococcus argenteus/aureus/capitis/caprae/devriesei/epidermidis/equorum/haemolyticus/hominis/lugdunensis/pasteuri/petrasii/phage/saccharolyticus/saprophyticus/schweitzeri/simiae/warneri"
"ASV35","Bacteria","Bacillota","Clostridia","Lachnospirales","Lachnospiraceae",NA,NA,"unclassified Lachnospiraceae","unclassified Lachnospiraceae ASV35"
"ASV36","Bacteria","Bacillota","Clostridia","Lachnospirales","Lachnospiraceae","Lachnospiraceae NK4A136 group",NA,"Lachnospiraceae NK4A136 group sp.","Lachnospiraceae NK4A136 group sp. ASV36"
"ASV37","Bacteria","Bacillota","Clostridia","Lachnospirales","Lachnospiraceae","Lachnospiraceae NK4A136 group",NA,"Lachnospiraceae NK4A136 group sp.","Lachnospiraceae NK4A136 group sp. ASV37"
"ASV38","Bacteria","Bacillota","Clostridia","Lachnospirales","Lachnospiraceae","Lachnospiraceae NK4A136 group",NA,"Lachnospiraceae NK4A136 group sp.","Lachnospiraceae NK4A136 group sp. ASV38"
"ASV39","Bacteria","Bacillota","Clostridia","Lachnospirales","Lachnospiraceae",NA,NA,"unclassified Lachnospiraceae","unclassified Lachnospiraceae ASV39"
"ASV40","Bacteria","Bacillota","Clostridia","Lachnospirales","Lachnospiraceae",NA,NA,"unclassified Lachnospiraceae","unclassified Lachnospiraceae ASV40"
"ASV41","Bacteria","Bacillota","Clostridia","Lachnospirales","Lachnospiraceae","A2",NA,"A2 sp.","A2 sp. ASV41"
"ASV42","Bacteria","Bacillota","Clostridia","Lachnospirales","Lachnospiraceae",NA,NA,"unclassified Lachnospiraceae","unclassified Lachnospiraceae ASV42"
"ASV43","Bacteria","Bacillota","Clostridia","Lachnospirales","Lachnospiraceae",NA,NA,"unclassified Lachnospiraceae","unclassified Lachnospiraceae ASV43"
"ASV44","Bacteria","Pseudomonadota","Gammaproteobacteria","Pseudomonadales","Moraxellaceae","Acinetobacter","baumannii/calcoaceticus/nosocomialis/radioresistens/seifertii","Acinetobacter baumannii/calcoaceticus/nosocomialis/radioresistens/seifertii","Acinetobacter baumannii/calcoaceticus/nosocomialis/radioresistens/seifertii"
"ASV45","Bacteria","Bacillota","Clostridia","Lachnospirales","Lachnospiraceae","Roseburia",NA,"Roseburia sp.","Roseburia sp. ASV45"
"ASV46","Bacteria","Bacillota","Clostridia","Lachnospirales","Lachnospiraceae",NA,NA,"unclassified Lachnospiraceae","unclassified Lachnospiraceae ASV46"
"ASV47","Bacteria","Bacillota","Bacilli","Bacillales","Bacillaceae",NA,NA,"unclassified Bacillaceae","unclassified Bacillaceae"
"ASV48","Bacteria","Bacillota","Clostridia","Lachnospirales","Lachnospiraceae",NA,NA,"unclassified Lachnospiraceae","unclassified Lachnospiraceae ASV48"
"ASV49","Bacteria","Bacillota","Clostridia","Lachnospirales","Lachnospiraceae",NA,NA,"unclassified Lachnospiraceae","unclassified Lachnospiraceae ASV49"
"ASV50","Bacteria","Bacillota","Clostridia","Lachnospirales","Lachnospiraceae",NA,NA,"unclassified Lachnospiraceae","unclassified Lachnospiraceae ASV50"
"ASV51","Bacteria","Bacillota","Clostridia","Oscillospirales","Ruminococcaceae","Acutalibacter",NA,"Acutalibacter sp.","Acutalibacter sp. ASV51"
"ASV52","Bacteria","Bacillota","Clostridia","Lachnospirales","Lachnospiraceae","Butyribacter",NA,"Butyribacter sp.","Butyribacter sp. ASV52"
"ASV53","Bacteria","Campylobacterota","Campylobacteria","Campylobacterales","Helicobacteraceae","Helicobacter","pylori","Helicobacter pylori","Helicobacter pylori"
"ASV54","Bacteria","Bacillota","Clostridia","Peptostreptococcales-Tissierellales","Anaerovoracaceae",NA,NA,"unclassified Anaerovoracaceae","unclassified Anaerovoracaceae"
"ASV55","Bacteria","Bacillota","Clostridia","Oscillospirales","Ruminococcaceae","Acutalibacter",NA,"Acutalibacter sp.","Acutalibacter sp. ASV55"
"ASV56","Bacteria","Bacillota","Clostridia","Lachnospirales","Lachnospiraceae","Lachnospiraceae NK4A136 group",NA,"Lachnospiraceae NK4A136 group sp.","Lachnospiraceae NK4A136 group sp. ASV56"
"ASV57","Bacteria","Bacillota","Clostridia","Lachnospirales","Lachnospiraceae","Lachnospiraceae NK4A136 group",NA,"Lachnospiraceae NK4A136 group sp.","Lachnospiraceae NK4A136 group sp. ASV57"
"ASV58","Bacteria","Actinomycetota","Actinobacteria","Actinomycetales","Actinomycetaceae","Schaalia","odontolytica","Schaalia odontolytica","Schaalia odontolytica"
"ASV59","Bacteria","Bacillota","Clostridia","Lachnospirales","Lachnospiraceae","Lachnoclostridium",NA,"Lachnoclostridium sp.","Lachnoclostridium sp. ASV59"
"ASV60","Bacteria","Bacillota","Bacilli","Acholeplasmatales","Acholeplasmataceae","Anaeroplasma",NA,"Anaeroplasma sp.","Anaeroplasma sp."
"ASV61","Bacteria","Bacillota","Bacilli","RF39",NA,NA,NA,"unclassified RF39","unclassified RF39 ASV61"
"ASV62","Bacteria","Bacillota","Clostridia","Clostridiales","Clostridiaceae","Clostridium","acetobutylicum/beijerinckii/butyricum/corinoforum/diolis/favososporum/pasteurianum/puniceum/roseum/saccharoperbutylacetonicum","Clostridium acetobutylicum/beijerinckii/butyricum/corinoforum/diolis/favososporum/pasteurianum/puniceum/roseum/saccharoperbutylacetonicum","Clostridium acetobutylicum/beijerinckii/butyricum/corinoforum/diolis/favososporum/pasteurianum/puniceum/roseum/saccharoperbutylacetonicum"
"ASV63","Bacteria","Bacillota","Clostridia","Oscillospirales","Oscillospiraceae",NA,NA,"unclassified Oscillospiraceae","unclassified Oscillospiraceae ASV63"
"ASV64","Bacteria","Pseudomonadota","Gammaproteobacteria","Burkholderiales","Neisseriaceae","Neisseria","meningitidis","Neisseria meningitidis","Neisseria meningitidis"
"ASV65","Bacteria","Bacillota","Clostridia","Oscillospirales","Oscillospiraceae","Intestinimonas",NA,"Intestinimonas sp.","Intestinimonas sp. ASV65"
"ASV66","Bacteria","Bacillota","Clostridia","Lachnospirales","Lachnospiraceae",NA,NA,"unclassified Lachnospiraceae","unclassified Lachnospiraceae ASV66"
"ASV67","Bacteria","Actinomycetota","Actinobacteria","Bifidobacteriales","Bifidobacteriaceae","Bifidobacterium","choerinum/globosum/pseudolongum","Bifidobacterium choerinum/globosum/pseudolongum","Bifidobacterium choerinum/globosum/pseudolongum"
"ASV68","Bacteria","Bacillota","Clostridia","Lachnospirales","Lachnospiraceae",NA,NA,"unclassified Lachnospiraceae","unclassified Lachnospiraceae ASV68"
"ASV69","Bacteria","Bacillota","Clostridia","Lachnospirales","Lachnospiraceae","Lachnospiraceae NK4A136 group",NA,"Lachnospiraceae NK4A136 group sp.","Lachnospiraceae NK4A136 group sp. ASV69"
"ASV70","Bacteria","Bacillota","Clostridia","Lachnospirales","Lachnospiraceae",NA,NA,"unclassified Lachnospiraceae","unclassified Lachnospiraceae ASV70"
"ASV71","Bacteria","Bacillota","Clostridia","Lachnospirales","Lachnospiraceae","Roseburia",NA,"Roseburia sp.","Roseburia sp. ASV71"
"ASV72","Bacteria","Bacillota","Clostridia","Lachnospirales","Lachnospiraceae",NA,NA,"unclassified Lachnospiraceae","unclassified Lachnospiraceae ASV72"
"ASV73","Bacteria","Bacillota","Clostridia","Lachnospirales","Lachnospiraceae","Lachnospiraceae NK4A136 group",NA,"Lachnospiraceae NK4A136 group sp.","Lachnospiraceae NK4A136 group sp. ASV73"
"ASV74","Bacteria","Bacillota","Clostridia","Oscillospirales","Oscillospiraceae",NA,NA,"unclassified Oscillospiraceae","unclassified Oscillospiraceae ASV74"
"ASV75","Bacteria","Bacillota","Clostridia","Clostridiales","Clostridiaceae","Clostridium",NA,"Clostridium sp.","Clostridium sp."
"ASV76","Bacteria","Bacillota","Clostridia","Lachnospirales","Lachnospiraceae","Roseburia",NA,"Roseburia sp.","Roseburia sp. ASV76"
"ASV77","Bacteria","Bacillota","Clostridia","Lachnospirales","Lachnospiraceae",NA,NA,"unclassified Lachnospiraceae","unclassified Lachnospiraceae ASV77"
"ASV78","Bacteria","Bacillota","Clostridia","Clostridia vadinBB60 group",NA,NA,NA,"unclassified Clostridia vadinBB60 group","unclassified Clostridia vadinBB60 group ASV78"
"ASV79","Bacteria","Bacillota","Clostridia","Lachnospirales","Lachnospiraceae","Lachnospiraceae FCS020 group",NA,"Lachnospiraceae FCS020 group sp.","Lachnospiraceae FCS020 group sp. ASV79"
"ASV80","Bacteria","Bacteroidota","Bacteroidia","Bacteroidales","Bacteroidaceae","Bacteroides","vulgatus","Bacteroides vulgatus","Bacteroides vulgatus ASV80"
"ASV81","Bacteria","Bacillota","Clostridia","Lachnospirales","Lachnospiraceae",NA,NA,"unclassified Lachnospiraceae","unclassified Lachnospiraceae ASV81"
"ASV82","Bacteria","Bacillota","Bacilli","Lactobacillales","Streptococcaceae","Streptococcus","mutans","Streptococcus mutans","Streptococcus mutans"
"ASV83","Bacteria","Bacillota","Clostridia","Oscillospirales","Oscillospiraceae",NA,NA,"unclassified Oscillospiraceae","unclassified Oscillospiraceae ASV83"
"ASV84","Bacteria","Bacillota","Clostridia","Lachnospirales","Lachnospiraceae","Lachnospiraceae NK4A136 group",NA,"Lachnospiraceae NK4A136 group sp.","Lachnospiraceae NK4A136 group sp. ASV84"
"ASV85","Bacteria","Pseudomonadota","Gammaproteobacteria","Enterobacterales","Enterobacteriaceae","Escherichia-Shigella",NA,"Escherichia-Shigella sp.","Escherichia-Shigella sp."
"ASV86","Bacteria","Bacillota","Clostridia","Lachnospirales","Lachnospiraceae","Roseburia",NA,"Roseburia sp.","Roseburia sp. ASV86"
"ASV87","Bacteria","Bacillota","Clostridia","Lachnospirales","Lachnospiraceae","Faecalimonas",NA,"Faecalimonas sp.","Faecalimonas sp."
"ASV88","Bacteria","Bacillota","Clostridia","Lachnospirales","Lachnospiraceae",NA,NA,"unclassified Lachnospiraceae","unclassified Lachnospiraceae ASV88"
"ASV89","Bacteria","Bacillota","Bacilli","Lactobacillales","Enterococcaceae","Enterococcus","azikeevi/canintestini/canis/casseliflavus/dispar/durans/faecalis/faecium/hirae/lactis/malodoratus/mundtii/olivae/pernyi/raffinosus/ratti/rivorum/saigonensis/thailandicus/villorum","Enterococcus azikeevi/canintestini/canis/casseliflavus/dispar/durans/faecalis/faecium/hirae/lactis/malodoratus/mundtii/olivae/pernyi/raffinosus/ratti/rivorum/saigonensis/thailandicus/villorum","Enterococcus azikeevi/canintestini/canis/casseliflavus/dispar/durans/faecalis/faecium/hirae/lactis/malodoratus/mundtii/olivae/pernyi/raffinosus/ratti/rivorum/saigonensis/thailandicus/villorum"
"ASV90","Bacteria","Patescibacteria","Saccharimonadia","Saccharimonadales","Saccharimonadaceae","Candidatus Saccharimonas",NA,"Candidatus Saccharimonas sp.","Candidatus Saccharimonas sp. ASV90"
"ASV91","Bacteria","Bacillota","Clostridia","Lachnospirales","Lachnospiraceae","Lachnospiraceae NK4A136 group",NA,"Lachnospiraceae NK4A136 group sp.","Lachnospiraceae NK4A136 group sp. ASV91"
"ASV92","Bacteria","Bacillota","Clostridia","Oscillospirales","Oscillospiraceae","Colidextribacter",NA,"Colidextribacter sp.","Colidextribacter sp. ASV92"
"ASV93","Bacteria","Bacillota","Clostridia","Oscillospirales","Oscillospiraceae","Colidextribacter",NA,"Colidextribacter sp.","Colidextribacter sp. ASV93"
"ASV94","Bacteria","Bacillota","Clostridia","Lachnospirales","Lachnospiraceae",NA,NA,"unclassified Lachnospiraceae","unclassified Lachnospiraceae ASV94"
"ASV95","Bacteria","Bacillota","Clostridia","Lachnospirales","Lachnospiraceae",NA,NA,"unclassified Lachnospiraceae","unclassified Lachnospiraceae ASV95"
"ASV96","Bacteria","Bacillota","Bacilli","Lactobacillales","Streptococcaceae","Streptococcus","agalactiae/pyogenes","Streptococcus agalactiae/pyogenes","Streptococcus agalactiae/pyogenes"
"ASV97","Bacteria","Bacillota","Clostridia","Oscillospirales","Ruminococcaceae","Anaerotruncus",NA,"Anaerotruncus sp.","Anaerotruncus sp. ASV97"
"ASV98","Bacteria","Bacillota","Clostridia","Lachnospirales","Lachnospiraceae",NA,NA,"unclassified Lachnospiraceae","unclassified Lachnospiraceae ASV98"
"ASV99","Bacteria","Bacillota","Bacilli","Lactobacillales","Listeriaceae","Listeria","innocua/ivanovii/marthii/monocytogenes/phage/seeligeri/welshimeri","Listeria innocua/ivanovii/marthii/monocytogenes/phage/seeligeri/welshimeri","Listeria innocua/ivanovii/marthii/monocytogenes/phage/seeligeri/welshimeri"
"ASV100","Bacteria","Bacteroidota","Bacteroidia","Bacteroidales","Muribaculaceae",NA,NA,"unclassified Muribaculaceae","unclassified Muribaculaceae ASV100"
"ASV101","Bacteria","Bacillota","Clostridia","Lachnospirales","Lachnospiraceae","Lachnospiraceae UCG-006","bacterium","Lachnospiraceae UCG-006 bacterium","Lachnospiraceae UCG-006 bacterium"
"ASV102","Bacteria","Bacillota","Clostridia","Lachnospirales","Lachnospiraceae",NA,NA,"unclassified Lachnospiraceae","unclassified Lachnospiraceae ASV102"
"ASV103","Bacteria","Bacillota","Clostridia","Peptococcales","Peptococcaceae",NA,NA,"unclassified Peptococcaceae","unclassified Peptococcaceae ASV103"
"ASV104","Bacteria","Pseudomonadota","Gammaproteobacteria","Pseudomonadales","Pseudomonadaceae","Pseudomonas","aeruginosa/denitrificans/fluorescens/hussainii/mendocina/otitidis/phage/protegens/putida/sihuiensis/tropicalis","Pseudomonas aeruginosa/denitrificans/fluorescens/hussainii/mendocina/otitidis/phage/protegens/putida/sihuiensis/tropicalis","Pseudomonas aeruginosa/denitrificans/fluorescens/hussainii/mendocina/otitidis/phage/protegens/putida/sihuiensis/tropicalis"
"ASV105","Bacteria","Bacillota","Clostridia","Lachnospirales","Lachnospiraceae",NA,NA,"unclassified Lachnospiraceae","unclassified Lachnospiraceae ASV105"
"ASV106","Bacteria","Bacillota","Clostridia","Oscillospirales","Oscillospiraceae","Colidextribacter",NA,"Colidextribacter sp.","Colidextribacter sp. ASV106"
"ASV107","Bacteria","Pseudomonadota","Alphaproteobacteria","Rickettsiales","Mitochondria",NA,NA,"unclassified Mitochondria","unclassified Mitochondria"
"ASV108","Bacteria","Deinococcota","Deinococci","Deinococcales","Deinococcaceae","Deinococcus","radiodurans","Deinococcus radiodurans","Deinococcus radiodurans"
"ASV109","Bacteria","Bacillota","Clostridia","Lachnospirales","Lachnospiraceae",NA,NA,"unclassified Lachnospiraceae","unclassified Lachnospiraceae ASV109"
"ASV110","Bacteria","Bacillota","Clostridia","Lachnospirales","Lachnospiraceae",NA,NA,"unclassified Lachnospiraceae","unclassified Lachnospiraceae ASV110"
"ASV111","Bacteria","Bacillota","Clostridia","Lachnospirales","Lachnospiraceae","Lachnospiraceae NK4A136 group",NA,"Lachnospiraceae NK4A136 group sp.","Lachnospiraceae NK4A136 group sp. ASV111"
"ASV112","Bacteria","Bacillota","Clostridia","Lachnospirales","Lachnospiraceae",NA,NA,"unclassified Lachnospiraceae","unclassified Lachnospiraceae ASV112"
"ASV113","Bacteria","Bacillota","Clostridia","Clostridia vadinBB60 group",NA,NA,NA,"unclassified Clostridia vadinBB60 group","unclassified Clostridia vadinBB60 group ASV113"
"ASV114","Bacteria","Bacillota","Clostridia","Lachnospirales","Lachnospiraceae",NA,NA,"unclassified Lachnospiraceae","unclassified Lachnospiraceae ASV114"
"ASV115","Bacteria","Bacillota","Clostridia","Lachnospirales","Lachnospiraceae",NA,NA,"unclassified Lachnospiraceae","unclassified Lachnospiraceae ASV115"
"ASV116","Bacteria","Bacteroidota","Bacteroidia","Bacteroidales","Porphyromonadaceae","Porphyromonas","gingivalis","Porphyromonas gingivalis","Porphyromonas gingivalis"
"ASV117","Bacteria","Bacillota","Clostridia","Lachnospirales","Lachnospiraceae",NA,NA,"unclassified Lachnospiraceae","unclassified Lachnospiraceae ASV117"
"ASV118","Bacteria","Bacillota","Clostridia","Oscillospirales","Oscillospiraceae","Colidextribacter",NA,"Colidextribacter sp.","Colidextribacter sp. ASV118"
"ASV119","Bacteria","Bacillota","Clostridia","Lachnospirales","Lachnospiraceae","[Eubacterium] xylanophilum group",NA,"[Eubacterium] xylanophilum group sp.","[Eubacterium] xylanophilum group sp. ASV119"
"ASV120","Bacteria","Bacillota","Clostridia","Clostridia UCG-014",NA,NA,NA,"unclassified Clostridia UCG-014","unclassified Clostridia UCG-014 ASV120"
"ASV121","Bacteria","Bacillota","Clostridia","Lachnospirales","Lachnospiraceae",NA,NA,"unclassified Lachnospiraceae","unclassified Lachnospiraceae ASV121"
"ASV122","Bacteria","Bacillota","Clostridia","Lachnospirales","Lachnospiraceae","Lachnospiraceae FCS020 group",NA,"Lachnospiraceae FCS020 group sp.","Lachnospiraceae FCS020 group sp. ASV122"
"ASV123","Bacteria","Bacillota","Clostridia","Lachnospirales","Lachnospiraceae","A2",NA,"A2 sp.","A2 sp. ASV123"
"ASV124","Bacteria","Bacillota","Clostridia","Lachnospirales","Lachnospiraceae","Roseburia",NA,"Roseburia sp.","Roseburia sp. ASV124"
"ASV125","Bacteria","Bacillota","Clostridia","Lachnospirales","Lachnospiraceae","Roseburia",NA,"Roseburia sp.","Roseburia sp. ASV125"
"ASV126","Bacteria","Bacillota","Clostridia","Lachnospirales","Lachnospiraceae","A2",NA,"A2 sp.","A2 sp. ASV126"
"ASV127","Bacteria","Bacillota","Clostridia","Lachnospirales","Lachnospiraceae","Lachnospiraceae UCG-006",NA,"Lachnospiraceae UCG-006 sp.","Lachnospiraceae UCG-006 sp."
"ASV128","Bacteria","Bacillota","Clostridia","Lachnospirales","Lachnospiraceae",NA,NA,"unclassified Lachnospiraceae","unclassified Lachnospiraceae ASV128"
"ASV129","Bacteria","Bacillota","Clostridia","Lachnospirales","Lachnospiraceae","Lachnospiraceae NK4A136 group","bacterium","Lachnospiraceae NK4A136 group bacterium","Lachnospiraceae NK4A136 group bacterium ASV129"
"ASV130","Bacteria","Bacillota","Clostridia","Lachnospirales","Lachnospiraceae","Roseburia",NA,"Roseburia sp.","Roseburia sp. ASV130"
"ASV131","Bacteria","Bacillota","Clostridia","Lachnospirales","Lachnospiraceae",NA,NA,"unclassified Lachnospiraceae","unclassified Lachnospiraceae ASV131"
"ASV132","Bacteria","Bacillota","Clostridia","Lachnospirales","Lachnospiraceae",NA,NA,"unclassified Lachnospiraceae","unclassified Lachnospiraceae ASV132"
"ASV133","Bacteria","Bacillota","Clostridia","Oscillospirales","Ruminococcaceae",NA,NA,"unclassified Ruminococcaceae","unclassified Ruminococcaceae ASV133"
"ASV134","Bacteria","Bacillota","Clostridia","Lachnospirales","Lachnospiraceae","Butyribacter",NA,"Butyribacter sp.","Butyribacter sp. ASV134"
"ASV135","Bacteria","Bacillota","Clostridia","Lachnospirales","Lachnospiraceae","Lachnospiraceae NK4A136 group",NA,"Lachnospiraceae NK4A136 group sp.","Lachnospiraceae NK4A136 group sp. ASV135"
"ASV136","Bacteria","Bacillota","Clostridia","Lachnospirales","Lachnospiraceae",NA,NA,"unclassified Lachnospiraceae","unclassified Lachnospiraceae ASV136"
"ASV137","Bacteria","Bacillota","Clostridia","Lachnospirales","Lachnospiraceae","GCA-900066575",NA,"GCA-900066575 sp.","GCA-900066575 sp. ASV137"
"ASV138","Bacteria","Bacillota","Clostridia","Lachnospirales","Lachnospiraceae","Butyribacter",NA,"Butyribacter sp.","Butyribacter sp. ASV138"
"ASV139","Bacteria","Bacillota","Clostridia","Lachnospirales","Lachnospiraceae","Acetatifactor","muris","Acetatifactor muris","Acetatifactor muris"
"ASV140","Bacteria","Bacillota","Clostridia","Lachnospirales","Lachnospiraceae",NA,NA,"unclassified Lachnospiraceae","unclassified Lachnospiraceae ASV140"
"ASV141","Bacteria","Bacillota","Clostridia","Lachnospirales","Lachnospiraceae","ASF356",NA,"ASF356 sp.","ASF356 sp. ASV141"
"ASV142","Bacteria","Bacillota","Bacilli","RF39",NA,NA,NA,"unclassified RF39","unclassified RF39 ASV142"
"ASV143","Bacteria","Bacteroidota","Bacteroidia","Bacteroidales","Muribaculaceae",NA,NA,"unclassified Muribaculaceae","unclassified Muribaculaceae ASV143"
"ASV144","Bacteria","Bacillota","Clostridia","Lachnospirales","Lachnospiraceae",NA,NA,"unclassified Lachnospiraceae","unclassified Lachnospiraceae ASV144"
"ASV145","Bacteria","Bacillota","Clostridia","Lachnospirales","Lachnospiraceae",NA,NA,"unclassified Lachnospiraceae","unclassified Lachnospiraceae ASV145"
"ASV146","Bacteria","Pseudomonadota","Gammaproteobacteria","Pseudomonadales","Pseudomonadaceae","Pseudomonas","antarctica/auricularis/azotoformans/brenneri/canadensis/cedrina/cerasi/cf./costantinii/extremaustralis/extremorientalis/fluorescens/gessardii/grimontii/lactis/libanensis/lurida/mandelii/marginalis/meridiana/paralactis/poae/proteolytica/putida/reactans/salomonii/simiae/syncyanea/synxantha/tolaasii/trivialis/veronii","Pseudomonas antarctica/auricularis/azotoformans/brenneri/canadensis/cedrina/cerasi/cf./costantinii/extremaustralis/extremorientalis/fluorescens/gessardii/grimontii/lactis/libanensis/lurida/mandelii/marginalis/meridiana/paralactis/poae/proteolytica/putida/reactans/salomonii/simiae/syncyanea/synxantha/tolaasii/trivialis/veronii","Pseudomonas antarctica/auricularis/azotoformans/brenneri/canadensis/cedrina/cerasi/cf./costantinii/extremaustralis/extremorientalis/fluorescens/gessardii/grimontii/lactis/libanensis/lurida/mandelii/marginalis/meridiana/paralactis/poae/proteolytica/putida/reactans/salomonii/simiae/syncyanea/synxantha/tolaasii/trivialis/veronii"
"ASV147","Bacteria","Pseudomonadota","Alphaproteobacteria","Rhodobacterales","Paracoccaceae","Cereibacter",NA,"Cereibacter sp.","Cereibacter sp."
"ASV148","Bacteria","Bacillota","Clostridia","Peptostreptococcales-Tissierellales","Anaerovoracaceae","Family XIII UCG-001",NA,"Family XIII UCG-001 sp.","Family XIII UCG-001 sp."
"ASV149","Bacteria","Actinomycetota","Coriobacteriia","Coriobacteriales","Eggerthellaceae","Adlercreutzia","caecimuris/mucosicola","Adlercreutzia caecimuris/mucosicola","Adlercreutzia caecimuris/mucosicola"
"ASV150","Bacteria","Bacillota","Clostridia","Lachnospirales","Lachnospiraceae",NA,NA,"unclassified Lachnospiraceae","unclassified Lachnospiraceae ASV150"
"ASV151","Bacteria","Bacillota","Clostridia","Lachnospirales","Lachnospiraceae",NA,NA,"unclassified Lachnospiraceae","unclassified Lachnospiraceae ASV151"
"ASV152","Bacteria","Bacillota","Clostridia","Lachnospirales","Lachnospiraceae","Roseburia",NA,"Roseburia sp.","Roseburia sp. ASV152"
"ASV153","Bacteria","Bacillota","Clostridia","Christensenellales","Christensenellaceae",NA,NA,"unclassified Christensenellaceae","unclassified Christensenellaceae"
"ASV154","Bacteria","Bacillota","Clostridia","Lachnospirales","Lachnospiraceae",NA,NA,"unclassified Lachnospiraceae","unclassified Lachnospiraceae ASV154"
"ASV155","Bacteria","Bacillota","Clostridia","Lachnospirales","Lachnospiraceae",NA,NA,"unclassified Lachnospiraceae","unclassified Lachnospiraceae ASV155"
"ASV156","Bacteria","Bacillota","Clostridia","Lachnospirales","Lachnospiraceae",NA,NA,"unclassified Lachnospiraceae","unclassified Lachnospiraceae ASV156"
"ASV157","Bacteria","Bacillota","Clostridia","Lachnospirales","Lachnospiraceae",NA,NA,"unclassified Lachnospiraceae","unclassified Lachnospiraceae ASV157"
"ASV158","Bacteria","Bacillota","Clostridia","Lachnospirales","Lachnospiraceae",NA,NA,"unclassified Lachnospiraceae","unclassified Lachnospiraceae ASV158"
"ASV159","Bacteria","Bacillota","Clostridia","Clostridia vadinBB60 group",NA,NA,NA,"unclassified Clostridia vadinBB60 group","unclassified Clostridia vadinBB60 group ASV159"
"ASV160","Bacteria","Bacillota","Clostridia","Clostridia vadinBB60 group",NA,NA,NA,"unclassified Clostridia vadinBB60 group","unclassified Clostridia vadinBB60 group ASV160"
"ASV161","Bacteria","Bacillota","Clostridia","Lachnospirales","Lachnospiraceae",NA,NA,"unclassified Lachnospiraceae","unclassified Lachnospiraceae ASV161"
"ASV162","Bacteria","Bacteroidota","Bacteroidia","Bacteroidales","Bacteroidaceae","Bacteroides","vulgatus","Bacteroides vulgatus","Bacteroides vulgatus ASV162"
"ASV163","Bacteria","Bacillota","Clostridia","Lachnospirales","Lachnospiraceae","Lachnospiraceae NK4A136 group",NA,"Lachnospiraceae NK4A136 group sp.","Lachnospiraceae NK4A136 group sp. ASV163"
"ASV164","Bacteria","Bacillota","Clostridia","Lachnospirales","Lachnospiraceae",NA,NA,"unclassified Lachnospiraceae","unclassified Lachnospiraceae ASV164"
"ASV165","Bacteria","Bacillota","Clostridia","Lachnospirales","Lachnospiraceae","Acetatifactor",NA,"Acetatifactor sp.","Acetatifactor sp."
"ASV166","Bacteria","Bacillota","Clostridia","Oscillospirales","[Eubacterium] coprostanoligenes group",NA,NA,"unclassified [Eubacterium] coprostanoligenes group","unclassified [Eubacterium] coprostanoligenes group"
"ASV167","Bacteria","Bacillota","Clostridia","Oscillospirales","Oscillospiraceae","Oscillibacter",NA,"Oscillibacter sp.","Oscillibacter sp. ASV167"
"ASV168","Bacteria","Bacillota","Clostridia","Clostridia UCG-014",NA,NA,NA,"unclassified Clostridia UCG-014","unclassified Clostridia UCG-014 ASV168"
"ASV169","Bacteria","Bacillota","Clostridia","Lachnospirales","Lachnospiraceae",NA,NA,"unclassified Lachnospiraceae","unclassified Lachnospiraceae ASV169"
"ASV170","Bacteria","Bacillota","Clostridia","Lachnospirales","Lachnospiraceae","Tyzzerella",NA,"Tyzzerella sp.","Tyzzerella sp."
"ASV171","Bacteria","Bacillota","Clostridia","Lachnospirales","Lachnospiraceae","GCA-900066575",NA,"GCA-900066575 sp.","GCA-900066575 sp. ASV171"
"ASV172","Bacteria","Bacillota","Clostridia","Lachnospirales","Lachnospiraceae",NA,NA,"unclassified Lachnospiraceae","unclassified Lachnospiraceae ASV172"
"ASV173","Bacteria","Bacillota","Clostridia","Oscillospirales","Oscillospiraceae",NA,NA,"unclassified Oscillospiraceae","unclassified Oscillospiraceae ASV173"
"ASV174","Bacteria","Bacillota","Clostridia","Lachnospirales","Lachnospiraceae","GCA-900066575",NA,"GCA-900066575 sp.","GCA-900066575 sp. ASV174"
"ASV175","Bacteria","Bacillota","Clostridia","Lachnospirales","Lachnospiraceae",NA,NA,"unclassified Lachnospiraceae","unclassified Lachnospiraceae ASV175"
"ASV176","Bacteria","Bacillota","Clostridia","Lachnospirales","Lachnospiraceae",NA,NA,"unclassified Lachnospiraceae","unclassified Lachnospiraceae ASV176"
"ASV177","Bacteria","Bacillota","Clostridia","Lachnospirales","Lachnospiraceae",NA,NA,"unclassified Lachnospiraceae","unclassified Lachnospiraceae ASV177"
"ASV178","Bacteria","Bacillota","Clostridia","Oscillospirales","Oscillospiraceae",NA,NA,"unclassified Oscillospiraceae","unclassified Oscillospiraceae ASV178"
"ASV179","Bacteria","Bacillota","Clostridia","Lachnospirales","Lachnospiraceae","ASF356",NA,"ASF356 sp.","ASF356 sp. ASV179"
"ASV180","Bacteria","Bacillota","Clostridia","Oscillospirales","Ruminococcaceae",NA,NA,"unclassified Ruminococcaceae","unclassified Ruminococcaceae ASV180"
"ASV181","Bacteria","Bacillota","Clostridia","Lachnospirales","Lachnospiraceae",NA,NA,"unclassified Lachnospiraceae","unclassified Lachnospiraceae ASV181"
"ASV182","Bacteria","Bacillota","Clostridia","Lachnospirales","Lachnospiraceae","Lachnospiraceae NK4A136 group",NA,"Lachnospiraceae NK4A136 group sp.","Lachnospiraceae NK4A136 group sp. ASV182"
"ASV183","Bacteria","Bacillota","Clostridia","Oscillospirales","Ruminococcaceae",NA,NA,"unclassified Ruminococcaceae","unclassified Ruminococcaceae ASV183"
"ASV184","Bacteria","Bacillota","Clostridia","Lachnospirales","Lachnospiraceae","Roseburia",NA,"Roseburia sp.","Roseburia sp. ASV184"
"ASV185","Bacteria","Bacillota","Clostridia","Lachnospirales","Lachnospiraceae",NA,NA,"unclassified Lachnospiraceae","unclassified Lachnospiraceae ASV185"
"ASV186","Bacteria","Bacillota","Clostridia","Lachnospirales","Lachnospiraceae","Lachnoclostridium",NA,"Lachnoclostridium sp.","Lachnoclostridium sp. ASV186"
"ASV187","Bacteria","Bacillota","Clostridia","Oscillospirales","Ruminococcaceae",NA,NA,"unclassified Ruminococcaceae","unclassified Ruminococcaceae ASV187"
"ASV188","Bacteria","Actinomycetota","Coriobacteriia","Coriobacteriales","Eggerthellaceae","Adlercreutzia","muris","Adlercreutzia muris","Adlercreutzia muris"
"ASV189","Bacteria","Bacillota","Clostridia","Oscillospirales","Butyricicoccaceae","Agathobaculum",NA,"Agathobaculum sp.","Agathobaculum sp."
"ASV190","Bacteria","Cyanobacteriota","Cyanobacteriia","Chloroplast",NA,NA,NA,"unclassified Chloroplast","unclassified Chloroplast ASV190"
"ASV191","Bacteria","Verrucomicrobiota","Verrucomicrobiia","Verrucomicrobiales","Akkermansiaceae","Akkermansia","muciniphila","Akkermansia muciniphila","Akkermansia muciniphila"
"ASV192","Bacteria","Bacillota","Clostridia","Lachnospirales","Lachnospiraceae",NA,NA,"unclassified Lachnospiraceae","unclassified Lachnospiraceae ASV192"
"ASV193","Bacteria","Bacillota","Clostridia","Lachnospirales","Lachnospiraceae",NA,NA,"unclassified Lachnospiraceae","unclassified Lachnospiraceae ASV193"
"ASV194","Bacteria","Bacillota","Bacilli","Lactobacillales","Streptococcaceae","Streptococcus","mitis/phage/pneumoniae/pseudopneumoniae","Streptococcus mitis/phage/pneumoniae/pseudopneumoniae","Streptococcus mitis/phage/pneumoniae/pseudopneumoniae"
"ASV195","Bacteria","Patescibacteria","Saccharimonadia","Saccharimonadales","Saccharimonadaceae","Candidatus Saccharimonas",NA,"Candidatus Saccharimonas sp.","Candidatus Saccharimonas sp. ASV195"
"ASV196","Bacteria","Bacillota","Clostridia","Oscillospirales","Ruminococcaceae",NA,NA,"unclassified Ruminococcaceae","unclassified Ruminococcaceae ASV196"
"ASV197","Bacteria","Bacillota","Clostridia","Lachnospirales","Lachnospiraceae",NA,NA,"unclassified Lachnospiraceae","unclassified Lachnospiraceae ASV197"
"ASV198","Bacteria","Bacillota","Clostridia","Lachnospirales","Lachnospiraceae",NA,NA,"unclassified Lachnospiraceae","unclassified Lachnospiraceae ASV198"
"ASV199","Bacteria","Bacillota","Clostridia","Oscillospirales","Ruminococcaceae","Anaerotruncus",NA,"Anaerotruncus sp.","Anaerotruncus sp. ASV199"
"ASV200","Bacteria","Bacillota","Clostridia","Lachnospirales","Lachnospiraceae","GCA-900066575",NA,"GCA-900066575 sp.","GCA-900066575 sp. ASV200"
"ASV201","Bacteria","Bacillota","Clostridia","Clostridia UCG-014",NA,NA,NA,"unclassified Clostridia UCG-014","unclassified Clostridia UCG-014 ASV201"
"ASV202","Bacteria","Bacillota","Clostridia","Lachnospirales","Lachnospiraceae",NA,NA,"unclassified Lachnospiraceae","unclassified Lachnospiraceae ASV202"
"ASV203","Bacteria","Bacillota","Clostridia","Oscillospirales","Oscillospiraceae",NA,NA,"unclassified Oscillospiraceae","unclassified Oscillospiraceae ASV203"
"ASV204","Bacteria","Bacillota","Clostridia","Clostridia vadinBB60 group",NA,NA,NA,"unclassified Clostridia vadinBB60 group","unclassified Clostridia vadinBB60 group ASV204"
"ASV205","Bacteria","Cyanobacteriota","Cyanobacteriia","Chloroplast",NA,NA,NA,"unclassified Chloroplast","unclassified Chloroplast ASV205"
"ASV206","Bacteria","Actinomycetota","Coriobacteriia","Coriobacteriales",NA,NA,NA,"unclassified Coriobacteriales","unclassified Coriobacteriales"
"ASV207","Bacteria","Bacillota","Clostridia","Clostridiales","Clostridiaceae","Candidatus Arthromitus",NA,"Candidatus Arthromitus sp.","Candidatus Arthromitus sp."
"ASV208","Bacteria","Bacillota","Clostridia","Lachnospirales","Lachnospiraceae",NA,NA,"unclassified Lachnospiraceae","unclassified Lachnospiraceae ASV208"
"ASV209","Bacteria","Bacillota","Clostridia","Lachnospirales","Lachnospiraceae","GCA-900066575",NA,"GCA-900066575 sp.","GCA-900066575 sp. ASV209"
"ASV210","Bacteria","Bacillota","Clostridia","Lachnospirales","Lachnospiraceae",NA,NA,"unclassified Lachnospiraceae","unclassified Lachnospiraceae ASV210"
"ASV211","Bacteria","Bacillota","Clostridia","Lachnospirales","Lachnospiraceae",NA,NA,"unclassified Lachnospiraceae","unclassified Lachnospiraceae ASV211"
"ASV212","Bacteria","Bacillota","Clostridia","Clostridia UCG-014",NA,NA,NA,"unclassified Clostridia UCG-014","unclassified Clostridia UCG-014 ASV212"
"ASV213","Bacteria","Bacillota","Bacilli","Erysipelotrichales","Erysipelatoclostridiaceae",NA,NA,"unclassified Erysipelatoclostridiaceae","unclassified Erysipelatoclostridiaceae"
"ASV214","Bacteria","Bacillota","Clostridia","Lachnospirales","Lachnospiraceae",NA,NA,"unclassified Lachnospiraceae","unclassified Lachnospiraceae ASV214"
"ASV215","Bacteria","Bacillota","Bacilli","Lactobacillales","Streptococcaceae","Streptococcus",NA,"Streptococcus sp.","Streptococcus sp. ASV215"
"ASV216","Bacteria","Bacillota","Bacilli","Lactobacillales","Streptococcaceae","Streptococcus",NA,"Streptococcus sp.","Streptococcus sp. ASV216"
"ASV217","Bacteria","Bacillota","Clostridia","Oscillospirales","Oscillospiraceae","UCG-005",NA,"UCG-005 sp.","UCG-005 sp."
"ASV218","Bacteria","Bacillota","Clostridia","Lachnospirales","Lachnospiraceae","Lachnospiraceae FCS020 group",NA,"Lachnospiraceae FCS020 group sp.","Lachnospiraceae FCS020 group sp. ASV218"
"ASV219","Bacteria","Bacillota","Bacilli","Lactobacillales","Streptococcaceae","Streptococcus","danieliae","Streptococcus danieliae","Streptococcus danieliae"
"ASV220","Bacteria","Bacillota","Clostridia","Oscillospirales","Oscillospiraceae","Intestinimonas",NA,"Intestinimonas sp.","Intestinimonas sp. ASV220"
"ASV221","Bacteria","Cyanobacteriota","Cyanobacteriia","Chloroplast",NA,NA,NA,"unclassified Chloroplast","unclassified Chloroplast ASV221"
"ASV222","Bacteria","Bacillota","Clostridia","Lachnospirales","Lachnospiraceae",NA,NA,"unclassified Lachnospiraceae","unclassified Lachnospiraceae ASV222"
"ASV223","Bacteria","Bacillota","Clostridia","Lachnospirales","Lachnospiraceae","[Eubacterium] xylanophilum group",NA,"[Eubacterium] xylanophilum group sp.","[Eubacterium] xylanophilum group sp. ASV223"
"ASV224","Bacteria","Bacillota","Clostridia","Lachnospirales","Lachnospiraceae",NA,NA,"unclassified Lachnospiraceae","unclassified Lachnospiraceae ASV224"
"ASV225","Bacteria","Bacillota","Clostridia",NA,NA,NA,NA,"unclassified Clostridia","unclassified Clostridia"
"ASV226","Bacteria","Bacillota","Clostridia","Clostridia vadinBB60 group",NA,NA,NA,"unclassified Clostridia vadinBB60 group","unclassified Clostridia vadinBB60 group ASV226"
"ASV227","Bacteria","Bacillota","Clostridia","Clostridia UCG-014",NA,NA,NA,"unclassified Clostridia UCG-014","unclassified Clostridia UCG-014 ASV227"
"ASV228","Bacteria","Bacillota","Clostridia","Clostridia UCG-014",NA,NA,NA,"unclassified Clostridia UCG-014","unclassified Clostridia UCG-014 ASV228"
"ASV229","Bacteria","Bacillota","Bacilli","RF39",NA,NA,NA,"unclassified RF39","unclassified RF39 ASV229"
"ASV230","Bacteria","Bacillota","Clostridia","Clostridia vadinBB60 group",NA,NA,NA,"unclassified Clostridia vadinBB60 group","unclassified Clostridia vadinBB60 group ASV230"
"ASV231","Bacteria","Actinomycetota","Coriobacteriia","Coriobacteriales","Atopobiaceae","Coriobacteriaceae UCG-002",NA,"Coriobacteriaceae UCG-002 sp.","Coriobacteriaceae UCG-002 sp."
"ASV232","Bacteria","Bacillota","Bacilli","RF39",NA,NA,NA,"unclassified RF39","unclassified RF39 ASV232"
