SampleID	SubjectID	Treatment	Timepoint	SampleType	Batch	TimePeriod	OriginalSampleID
Mouse-F3-Day-000	Mouse-F3	Unmanipulated	0	Mouse-feces	MiSeq-run-1	Early	F3D0
Mouse-F3-Day-001	Mouse-F3	Unmanipulated	1	Mouse-feces	MiSeq-run-1	Early	F3D1
Mouse-F3-Day-002	Mouse-F3	Unmanipulated	2	Mouse-feces	MiSeq-run-1	Early	F3D2
Mouse-F3-Day-003	Mouse-F3	Unmanipulated	3	Mouse-feces	MiSeq-run-1	Early	F3D3
Mouse-F3-Day-005	Mouse-F3	Unmanipulated	5	Mouse-feces	MiSeq-run-1	Early	F3D5
Mouse-F3-Day-006	Mouse-F3	Unmanipulated	6	Mouse-feces	MiSeq-run-1	Early	F3D6
Mouse-F3-Day-007	Mouse-F3	Unmanipulated	7	Mouse-feces	MiSeq-run-1	Early	F3D7
Mouse-F3-Day-008	Mouse-F3	Unmanipulated	8	Mouse-feces	MiSeq-run-1	Early	F3D8
Mouse-F3-Day-009	Mouse-F3	Unmanipulated	9	Mouse-feces	MiSeq-run-1	Early	F3D9
Mouse-F3-Day-141	Mouse-F3	Unmanipulated	141	Mouse-feces	MiSeq-run-1	Late	F3D141
Mouse-F3-Day-142	Mouse-F3	Unmanipulated	142	Mouse-feces	MiSeq-run-1	Late	F3D142
Mouse-F3-Day-143	Mouse-F3	Unmanipulated	143	Mouse-feces	MiSeq-run-1	Late	F3D143
Mouse-F3-Day-144	Mouse-F3	Unmanipulated	144	Mouse-feces	MiSeq-run-1	Late	F3D144
Mouse-F3-Day-145	Mouse-F3	Unmanipulated	145	Mouse-feces	MiSeq-run-1	Late	F3D145
Mouse-F3-Day-146	Mouse-F3	Unmanipulated	146	Mouse-feces	MiSeq-run-1	Late	F3D146
Mouse-F3-Day-147	Mouse-F3	Unmanipulated	147	Mouse-feces	MiSeq-run-1	Late	F3D147
Mouse-F3-Day-148	Mouse-F3	Unmanipulated	148	Mouse-feces	MiSeq-run-1	Late	F3D148
Mouse-F3-Day-149	Mouse-F3	Unmanipulated	149	Mouse-feces	MiSeq-run-1	Late	F3D149
Mouse-F3-Day-150	Mouse-F3	Unmanipulated	150	Mouse-feces	MiSeq-run-1	Late	F3D150
Mock-Community	Mock-Community	NA	NA	Mock-community	MiSeq-run-1	Mock	Mock
